-- phpMyAdmin SQL Dump
-- version 4.8.2
-- https://www.phpmyadmin.net/
--
-- Host: 127.0.0.1
-- Generation Time: Sep 22, 2018 at 05:47 AM
-- Server version: 10.1.34-MariaDB
-- PHP Version: 7.2.7

SET SQL_MODE = "NO_AUTO_VALUE_ON_ZERO";
SET AUTOCOMMIT = 0;
START TRANSACTION;
SET time_zone = "+00:00";


/*!40101 SET @OLD_CHARACTER_SET_CLIENT=@@CHARACTER_SET_CLIENT */;
/*!40101 SET @OLD_CHARACTER_SET_RESULTS=@@CHARACTER_SET_RESULTS */;
/*!40101 SET @OLD_COLLATION_CONNECTION=@@COLLATION_CONNECTION */;
/*!40101 SET NAMES utf8mb4 */;

--
-- Database: `rs_data`
--

-- --------------------------------------------------------

--
-- Table structure for table `dokter`
--

CREATE TABLE `dokter` (
  `id` int(11) NOT NULL,
  `nama` varchar(255) NOT NULL,
  `spesialis` varchar(255) NOT NULL
) ENGINE=InnoDB DEFAULT CHARSET=latin1;

--
-- Dumping data for table `dokter`
--

INSERT INTO `dokter` (`id`, `nama`, `spesialis`) VALUES
(1, 'dr. abdul', 'saraf');

-- --------------------------------------------------------

--
-- Table structure for table `kontrol`
--

CREATE TABLE `kontrol` (
  `id` bigint(20) NOT NULL,
  `id_dokter` int(11) NOT NULL,
  `no_rm` varchar(255) NOT NULL,
  `no_kontrol` varchar(255) NOT NULL,
  `tgl_kontrol` date NOT NULL,
  `ket` enum('sudah','belum') DEFAULT NULL,
  `created` date NOT NULL
) ENGINE=InnoDB DEFAULT CHARSET=latin1;

--
-- Dumping data for table `kontrol`
--

INSERT INTO `kontrol` (`id`, `id_dokter`, `no_rm`, `no_kontrol`, `tgl_kontrol`, `ket`, `created`) VALUES
(1, 1, '123', '123', '2018-09-22', 'sudah', '2018-09-22');

-- --------------------------------------------------------

--
-- Table structure for table `tbl_hak_akses`
--

CREATE TABLE `tbl_hak_akses` (
  `id` int(11) NOT NULL,
  `id_user_level` int(11) NOT NULL,
  `id_menu` int(11) NOT NULL
) ENGINE=InnoDB DEFAULT CHARSET=latin1;

--
-- Dumping data for table `tbl_hak_akses`
--

INSERT INTO `tbl_hak_akses` (`id`, `id_user_level`, `id_menu`) VALUES
(15, 1, 1),
(19, 1, 3),
(21, 2, 1),
(24, 1, 9),
(28, 2, 3),
(29, 2, 2),
(30, 1, 2),
(31, 1, 10),
(32, 1, 11),
(33, 1, 12),
(35, 1, 13);

-- --------------------------------------------------------

--
-- Table structure for table `tbl_menu`
--

CREATE TABLE `tbl_menu` (
  `id_menu` int(11) NOT NULL,
  `title` varchar(50) NOT NULL,
  `url` varchar(30) NOT NULL,
  `icon` varchar(30) NOT NULL,
  `is_main_menu` int(11) NOT NULL,
  `is_aktif` enum('y','n') NOT NULL COMMENT 'y=yes,n=no'
) ENGINE=InnoDB DEFAULT CHARSET=latin1;

--
-- Dumping data for table `tbl_menu`
--

INSERT INTO `tbl_menu` (`id_menu`, `title`, `url`, `icon`, `is_main_menu`, `is_aktif`) VALUES
(1, 'KELOLA MENU', 'kelolamenu', 'fa fa-server', 0, 'y'),
(2, 'KELOLA PENGGUNA', 'user', 'fa fa-user-o', 0, 'y'),
(3, 'level PENGGUNA', 'userlevel', 'fa fa-users', 0, 'y'),
(9, 'Contoh Form', 'welcome/form', 'fa fa-id-card', 0, 'y'),
(10, 'Master Dokter', 'dokter', 'fa fa-hospital-o', 0, 'y'),
(11, 'Master Rekam Medis', 'medis', 'fa fa-book', 0, 'y'),
(12, 'Sudah Kontrol', 'sudah-kontrol', 'fa fa-book', 0, 'y'),
(13, 'Belum Kontrol', 'belum-kontrol', 'fa fa-book', 0, 'y');

-- --------------------------------------------------------

--
-- Table structure for table `tbl_setting`
--

CREATE TABLE `tbl_setting` (
  `id_setting` int(11) NOT NULL,
  `nama_setting` varchar(50) NOT NULL,
  `value` varchar(40) NOT NULL
) ENGINE=InnoDB DEFAULT CHARSET=latin1;

--
-- Dumping data for table `tbl_setting`
--

INSERT INTO `tbl_setting` (`id_setting`, `nama_setting`, `value`) VALUES
(1, 'Tampil Menu', 'ya');

-- --------------------------------------------------------

--
-- Table structure for table `tbl_user`
--

CREATE TABLE `tbl_user` (
  `id_users` int(11) NOT NULL,
  `full_name` varchar(50) NOT NULL,
  `email` varchar(50) NOT NULL,
  `password` varchar(255) NOT NULL,
  `images` text NOT NULL,
  `id_user_level` int(11) NOT NULL,
  `is_aktif` enum('y','n') NOT NULL
) ENGINE=InnoDB DEFAULT CHARSET=latin1;

--
-- Dumping data for table `tbl_user`
--

INSERT INTO `tbl_user` (`id_users`, `full_name`, `email`, `password`, `images`, `id_user_level`, `is_aktif`) VALUES
(1, 'Nuris Akbar M.Kom', 'nuris.akbar@gmail.com', '$2y$04$Wbyfv4xwihb..POfhxY5Y.jHOJqEFIG3dLfBYwAmnOACpH0EWCCdq', 'atomix_user31.png', 1, 'y'),
(3, 'Muhammad hafidz Muzaki', 'hafid@gmail.com', '$2y$04$Wbyfv4xwihb..POfhxY5Y.jHOJqEFIG3dLfBYwAmnOACpH0EWCCdq', '7.png', 2, 'y');

-- --------------------------------------------------------

--
-- Table structure for table `tbl_user_level`
--

CREATE TABLE `tbl_user_level` (
  `id_user_level` int(11) NOT NULL,
  `nama_level` varchar(30) NOT NULL
) ENGINE=InnoDB DEFAULT CHARSET=latin1;

--
-- Dumping data for table `tbl_user_level`
--

INSERT INTO `tbl_user_level` (`id_user_level`, `nama_level`) VALUES
(1, 'Super Admin'),
(2, 'Admin');

-- --------------------------------------------------------

--
-- Stand-in structure for view `view_kontrol`
-- (See below for the actual view)
--
CREATE TABLE `view_kontrol` (
`no_rm` varchar(255)
,`tanggal` date
,`no_kontrol` varchar(255)
,`tanggal_kontrol` date
,`dokter` varchar(255)
,`spesialis` varchar(255)
,`keterangan` enum('sudah','belum')
);

-- --------------------------------------------------------

--
-- Structure for view `view_kontrol`
--
DROP TABLE IF EXISTS `view_kontrol`;

CREATE ALGORITHM=UNDEFINED DEFINER=`root`@`localhost` SQL SECURITY DEFINER VIEW `view_kontrol`  AS  select `kontrol`.`no_rm` AS `no_rm`,`kontrol`.`created` AS `tanggal`,`kontrol`.`no_kontrol` AS `no_kontrol`,`kontrol`.`tgl_kontrol` AS `tanggal_kontrol`,`dokter`.`nama` AS `dokter`,`dokter`.`spesialis` AS `spesialis`,`kontrol`.`ket` AS `keterangan` from (`kontrol` join `dokter` on((`dokter`.`id` = `kontrol`.`id_dokter`))) ;

--
-- Indexes for dumped tables
--

--
-- Indexes for table `dokter`
--
ALTER TABLE `dokter`
  ADD PRIMARY KEY (`id`);

--
-- Indexes for table `kontrol`
--
ALTER TABLE `kontrol`
  ADD PRIMARY KEY (`id`),
  ADD UNIQUE KEY `no_rm` (`no_rm`,`no_kontrol`),
  ADD KEY `kontrol_ibfk_1` (`id_dokter`);

--
-- Indexes for table `tbl_hak_akses`
--
ALTER TABLE `tbl_hak_akses`
  ADD PRIMARY KEY (`id`);

--
-- Indexes for table `tbl_menu`
--
ALTER TABLE `tbl_menu`
  ADD PRIMARY KEY (`id_menu`);

--
-- Indexes for table `tbl_setting`
--
ALTER TABLE `tbl_setting`
  ADD PRIMARY KEY (`id_setting`);

--
-- Indexes for table `tbl_user`
--
ALTER TABLE `tbl_user`
  ADD PRIMARY KEY (`id_users`);

--
-- Indexes for table `tbl_user_level`
--
ALTER TABLE `tbl_user_level`
  ADD PRIMARY KEY (`id_user_level`);

--
-- AUTO_INCREMENT for dumped tables
--

--
-- AUTO_INCREMENT for table `dokter`
--
ALTER TABLE `dokter`
  MODIFY `id` int(11) NOT NULL AUTO_INCREMENT, AUTO_INCREMENT=2;

--
-- AUTO_INCREMENT for table `kontrol`
--
ALTER TABLE `kontrol`
  MODIFY `id` bigint(20) NOT NULL AUTO_INCREMENT, AUTO_INCREMENT=2;

--
-- AUTO_INCREMENT for table `tbl_hak_akses`
--
ALTER TABLE `tbl_hak_akses`
  MODIFY `id` int(11) NOT NULL AUTO_INCREMENT, AUTO_INCREMENT=36;

--
-- AUTO_INCREMENT for table `tbl_menu`
--
ALTER TABLE `tbl_menu`
  MODIFY `id_menu` int(11) NOT NULL AUTO_INCREMENT, AUTO_INCREMENT=14;

--
-- AUTO_INCREMENT for table `tbl_setting`
--
ALTER TABLE `tbl_setting`
  MODIFY `id_setting` int(11) NOT NULL AUTO_INCREMENT, AUTO_INCREMENT=2;

--
-- AUTO_INCREMENT for table `tbl_user`
--
ALTER TABLE `tbl_user`
  MODIFY `id_users` int(11) NOT NULL AUTO_INCREMENT, AUTO_INCREMENT=7;

--
-- AUTO_INCREMENT for table `tbl_user_level`
--
ALTER TABLE `tbl_user_level`
  MODIFY `id_user_level` int(11) NOT NULL AUTO_INCREMENT, AUTO_INCREMENT=3;

--
-- Constraints for dumped tables
--

--
-- Constraints for table `kontrol`
--
ALTER TABLE `kontrol`
  ADD CONSTRAINT `kontrol_ibfk_1` FOREIGN KEY (`id_dokter`) REFERENCES `dokter` (`id`) ON DELETE NO ACTION ON UPDATE NO ACTION;
COMMIT;

/*!40101 SET CHARACTER_SET_CLIENT=@OLD_CHARACTER_SET_CLIENT */;
/*!40101 SET CHARACTER_SET_RESULTS=@OLD_CHARACTER_SET_RESULTS */;
/*!40101 SET COLLATION_CONNECTION=@OLD_COLLATION_CONNECTION */;
